timestamp,username,ip_address,status
2026-06-10 09:00:00,alan,192.168.1.10,success
2026-06-10 09:01:00,admin,10.0.0.25,failed
2026-06-10 09:01:30,admin,10.0.0.25,failed
2026-06-10 09:02:00,admin,10.0.0.25,failed
2026-06-10 09:02:30,admin,10.0.0.25,failed
2026-06-10 09:03:00,admin,10.0.0.25,failed
2026-06-10 09:04:00,root,172.16.0.9,failed
2026-06-10 09:04:30,root,172.16.0.9,failed
2026-06-10 09:05:00,root,172.16.0.9,failed
2026-06-10 09:06:00,user1,192.168.1.15,success
2026-06-10 09:07:00,test,203.0.113.50,failed
2026-06-10 09:07:15,test,203.0.113.50,failed
2026-06-10 09:07:30,test,203.0.113.50,failed
2026-06-10 09:07:45,test,203.0.113.50,failed
2026-06-10 09:08:00,test,203.0.113.50,failed
2026-06-10 09:08:15,test,203.0.113.50,failed
2026-06-10 09:08:30,test,203.0.113.50,failed
2026-06-10 09:08:45,test,203.0.113.50,failed
2026-06-10 09:09:00,test,203.0.113.50,failed
2026-06-10 09:09:15,test,203.0.113.50,failed